Emiten,RMSE,MAE,MAPE,Epoch
ADRO,0.007690205197749816,0.005674515376422439,21.27140803870374,26
ADMR,0.017876544191326702,0.01509571836003477,33.118399878746054,34
ITMG,0.009761283210310136,0.005749221463774451,30.825936367211792,17
PTBA,0.006580439716673767,0.005514522933785319,38.13486929439026,23
MEDC,0.009839358698444156,0.007481617909105519,24.183275085980924,17
AKRA,0.009827936235245237,0.008344160522732253,31.50935657522571,43
